serie,fecha,conjunto,viajeros
total,2009-01-01,train,149944.02934517286
total,2009-02-01,train,127303.6922033775
total,2009-03-01,train,158795.67381860284
total,2009-04-01,train,172013.46769401644
total,2009-05-01,train,124559.52435069307
total,2009-06-01,train,151442.80337827274
total,2009-07-01,train,137616.9517422195
total,2009-08-01,train,179344.0418037644
total,2009-09-01,train,132791.13353560158
total,2009-10-01,train,153153.6097868689
total,2009-11-01,train,173623.2729586916
total,2009-12-01,train,219594.65119713946
total,2010-01-01,train,162333.26551165638
total,2010-02-01,train,132527.46022602476
total,2010-03-01,train,163351.09275954103
total,2010-04-01,train,170870.90530317114
total,2010-05-01,train,141291.6089476861
total,2010-06-01,train,155468.9470746268
total,2010-07-01,train,199667.83285998116
total,2010-08-01,train,183931.0306162957
total,2010-09-01,train,130760.34969839198
total,2010-10-01,train,157632.1243212268
total,2010-11-01,train,179538.33569674406
total,2010-12-01,train,227411.04636668903
total,2011-01-01,train,169708.55722701532
total,2011-02-01,train,139869.86559086668
total,2011-03-01,train,169957.79100865728
total,2011-04-01,train,191655.76499508988
total,2011-05-01,train,145923.54778125993
total,2011-06-01,train,163014.46872590488
total,2011-07-01,train,200521.00470178176
total,2011-08-01,train,174775.49370458006
total,2011-09-01,train,141183.83971974195
total,2011-10-01,train,152049.08059590787
total,2011-11-01,train,187320.0779012438
total,2011-12-01,train,243735.11067073603
total,2012-01-01,train,177125.95776830107
total,2012-02-01,train,147819.44219831316
total,2012-03-01,train,186237.2082521481
total,2012-04-01,train,182891.2362626656
total,2012-05-01,train,152137.5120438028
total,2012-06-01,train,173240.56422688224
total,2012-07-01,train,199340.37067282858
total,2012-08-01,train,170666.4032403826
total,2012-09-01,train,147847.52798648953
total,2012-10-01,train,167995.4374967636
total,2012-11-01,train,195400.06831855708
total,2012-12-01,train,238839.75250727762
total,2013-01-01,train,170858.696535424
total,2013-02-01,train,140163.89946159555
total,2013-03-01,train,217092.5553629627
total,2013-04-01,train,179526.03722270243
total,2013-05-01,train,179243.65691496403
total,2013-06-01,train,197164.99485562296
total,2013-07-01,train,211596.0172646677
total,2013-08-01,train,197150.9391696579
total,2013-09-01,train,163867.0618713466
total,2013-10-01,train,167624.46888297104
total,2013-11-01,train,202965.0230046185
total,2013-12-01,train,262449.4019393584
total,2014-01-01,train,219460.3466763904
total,2014-02-01,train,173476.24586474686
total,2014-03-01,train,200137.3302226692
total,2014-04-01,train,229359.1331489176
total,2014-05-01,train,190264.56475260793
total,2014-06-01,train,200093.47330128693
total,2014-07-01,train,237558.594805903
total,2014-08-01,train,225101.63196751618
total,2014-09-01,train,187684.78059355926
total,2014-10-01,train,223650.87089512649
total,2014-11-01,train,248017.60998571018
total,2014-12-01,train,325372.73464960407
total,2015-01-01,train,244120.9512092014
total,2015-02-01,train,197207.24754449064
total,2015-03-01,train,249587.40803931904
total,2015-04-01,train,247561.50812161784
total,2015-05-01,train,226414.60772244775
total,2015-06-01,train,245382.68691700848
total,2015-07-01,train,253035.1771321548
total,2015-08-01,train,245666.15541175148
total,2015-09-01,train,206700.77080266396
total,2015-10-01,train,227800.2788234454
total,2015-11-01,train,245184.0101002201
total,2015-12-01,train,329225.2385317896
total,2016-01-01,train,262106.6293521066
total,2016-02-01,train,214638.7297908925
total,2016-03-01,train,322030.33266050776
total,2016-04-01,train,211444.92035013388
total,2016-05-01,train,223932.92774985195
total,2016-06-01,train,226287.2952819879
total,2016-07-01,train,269012.23955853493
total,2016-08-01,train,258799.92772352407
total,2016-09-01,train,186819.30831740008
total,2016-10-01,train,249121.26446227162
total,2016-11-01,train,251531.9805278988
total,2016-12-01,train,321301.18866569793
total,2017-01-01,train,259641.60794906894
total,2017-02-01,train,233718.22885076454
total,2017-03-01,train,294444.4751136086
total,2017-04-01,train,377828.7289698364
total,2017-05-01,train,243741.78519639446
total,2017-06-01,train,247853.40796743412
total,2017-07-01,train,291574.27301642345
total,2017-08-01,train,274293.5932154499
total,2017-09-01,train,213696.60197929587
total,2017-10-01,train,239055.67001993404
total,2017-11-01,train,275693.4157893119
total,2017-12-01,train,356109.498921525
total,2018-01-01,train,303819.2179742683
total,2018-02-01,train,251666.99157049917
total,2018-03-01,train,393020.78296043223
total,2018-04-01,train,308239.861353772
total,2018-05-01,train,277750.0821155593
total,2018-06-01,train,311280.3505085109
total,2018-07-01,train,337300.58994755434
total,2018-08-01,train,352316.5717399916
total,2018-09-01,train,272777.06846753834
total,2018-10-01,train,282172.2126978078
total,2018-11-01,train,309687.6366610493
total,2018-12-01,train,393729.4913142119
total,2019-01-01,train,357645.7498163418
total,2019-02-01,train,285350.9076318986
total,2019-03-01,train,359757.99034261284
total,2019-04-01,train,388538.5481624975
total,2019-05-01,train,299297.3401131451
total,2019-06-01,train,333161.55536598404
total,2019-07-01,train,365333.6909719392
total,2019-08-01,train,365512.75428666285
total,2019-09-01,train,298250.07724295655
total,2019-10-01,train,294503.99136425246
total,2019-11-01,train,335783.9260785361
total,2019-12-01,train,449114.0705001674
total,2020-01-01,train,388222.6026616116
total,2020-02-01,train,317917.9765175921
total,2020-03-01,train,155415.5760920644
total,2020-04-01,train,10039.0
total,2020-05-01,train,9779.0
total,2020-06-01,train,11817.0
total,2020-07-01,train,13484.0
total,2020-08-01,train,15357.0
total,2020-09-01,train,12572.49268292683
total,2020-10-01,train,16680.78434895513
total,2020-11-01,train,52865.0
total,2020-12-01,train,55620.0
total,2021-01-01,train,89960.0
total,2021-02-01,train,52605.0
total,2021-03-01,train,85017.39633341735
total,2021-04-01,test,59743.1902214643
total,2021-05-01,test,73873.0
total,2021-06-01,test,95146.0
total,2021-07-01,test,97594.66433359256
total,2021-08-01,test,72327.0
total,2021-09-01,test,67022.99999999996
total,2021-10-01,test,83528.0
total,2021-11-01,test,98578.0
total,2021-12-01,test,223569.1278011966
total,2022-01-01,test,134303.0
total,2022-02-01,test,193903.6
total,2022-03-01,test,227886.0
total,2022-04-01,test,292648.0
total,2022-05-01,test,260013.0
total,2022-06-01,test,269366.0
total,2022-07-01,test,306246.0
total,2022-08-01,test,297602.0
total,2022-09-01,test,246464.0
total,2022-10-01,test,281938.0
total,2022-11-01,test,318693.0
total,2022-12-01,test,400266.0
total,2023-01-01,test,258166.18821264658
total,2023-02-01,test,198751.85766927942
total,2023-03-01,test,251839.50267324003
total,2023-04-01,test,283179.2556557847
total,2023-05-01,test,213191.03891840694
total,2023-06-01,test,224580.17382775573
total,2023-07-01,test,257626.95044792976
total,2023-08-01,test,264514.08794636687
total,2023-09-01,test,218486.4781049799
total,2023-10-01,test,164499.38846570507
total,2023-11-01,test,255894.27623440052
total,2023-12-01,test,327097.61316611955
total,2024-01-01,test,292731.86680673156
total,2024-02-01,test,265990.67321318097
total,2024-03-01,test,322310.39400228957
total,2024-04-01,test,240988.81729405138
total,2024-05-01,test,238807.9548151027
total,2024-06-01,test,234781.22686199367
total,2024-07-01,test,266974.95506929053
total,2024-08-01,test,282101.83101094456
total,2024-09-01,test,215658.8098341591
total,2024-10-01,test,249665.70083733913
total,2024-11-01,test,302674.076910829
total,2024-12-01,test,361749.6884796847
total,2025-01-01,test,289543.5982553855
total,2025-02-01,test,254428.88643334268
total,2025-03-01,test,278538.25098417036
total,2025-04-01,test,300287.6910735994
total,2025-05-01,test,247981.9259720942
total,2025-06-01,test,254190.0961535216
total,2025-07-01,test,283388.6987866118
total,2025-08-01,test,293780.5243930469
total,2025-09-01,test,218069.51122057904
total,2025-10-01,test,255920.93232213068
total,2025-11-01,test,310585.52010717517
total,2025-12-01,test,365573.0218067979
total,2026-01-01,test,300664.07527322107
total,2026-02-01,test,236844.11361811563
total,2026-03-01,test,291160.36570034793
total,2026-04-01,test,260951.04561236833
total,2026-05-01,test,241312.29525905842
total,2026-06-01,test,245687.58097717003
region_america_central,2009-01-01,train,93848.08764638269
region_america_central,2009-02-01,train,73988.38726361323
region_america_central,2009-03-01,train,96398.15089958302
region_america_central,2009-04-01,train,114286.68210111491
region_america_central,2009-05-01,train,83304.46991481968
region_america_central,2009-06-01,train,95701.16345514706
region_america_central,2009-07-01,train,96269.46908603169
region_america_central,2009-08-01,train,125733.14353015932
region_america_central,2009-09-01,train,98025.43176153029
region_america_central,2009-10-01,train,111261.15331887046
region_america_central,2009-11-01,train,125806.13586866151
region_america_central,2009-12-01,train,157418.3972692784
region_america_central,2010-01-01,train,106483.00864475268
region_america_central,2010-02-01,train,81072.35634648062
region_america_central,2010-03-01,train,95843.31992274322
region_america_central,2010-04-01,train,119646.12130044593
region_america_central,2010-05-01,train,97354.13690504673
region_america_central,2010-06-01,train,99435.3180438589
region_america_central,2010-07-01,train,125130.32973600173
region_america_central,2010-08-01,train,127001.82976361034
region_america_central,2010-09-01,train,95456.26841146746
region_america_central,2010-10-01,train,114303.65364534994
region_america_central,2010-11-01,train,129744.65774227306
region_america_central,2010-12-01,train,166536.38986866781
region_america_central,2011-01-01,train,115145.08491200685
region_america_central,2011-02-01,train,88483.13519497334
region_america_central,2011-03-01,train,111569.58910726917
region_america_central,2011-04-01,train,138143.3940879542
region_america_central,2011-05-01,train,102170.69393194425
region_america_central,2011-06-01,train,108360.53593042374
region_america_central,2011-07-01,train,131289.94151871614
region_america_central,2011-08-01,train,124097.07098620424
region_america_central,2011-09-01,train,105097.67675853525
region_america_central,2011-10-01,train,110734.98800635971
region_america_central,2011-11-01,train,136002.00359961748
region_america_central,2011-12-01,train,181883.34268717706
region_america_central,2012-01-01,train,122214.34001954578
region_america_central,2012-02-01,train,93819.68012200746
region_america_central,2012-03-01,train,122296.00249908665
region_america_central,2012-04-01,train,132244.41918745663
region_america_central,2012-05-01,train,105871.61299981305
region_america_central,2012-06-01,train,112976.84376978572
region_america_central,2012-07-01,train,129027.92988085591
region_america_central,2012-08-01,train,119927.49277007497
region_america_central,2012-09-01,train,109162.6607248607
region_america_central,2012-10-01,train,122678.05912848748
region_america_central,2012-11-01,train,140790.3067351314
region_america_central,2012-12-01,train,169915.19576479474
region_america_central,2013-01-01,train,114928.74041598607
region_america_central,2013-02-01,train,85722.28016658731
region_america_central,2013-03-01,train,146822.4160904498
region_america_central,2013-04-01,train,127787.30788467008
region_america_central,2013-05-01,train,130523.20483401864
region_america_central,2013-06-01,train,132740.34480074816
region_america_central,2013-07-01,train,137555.7589169652
region_america_central,2013-08-01,train,141829.5591873795
region_america_central,2013-09-01,train,124275.23640795665
region_america_central,2013-10-01,train,120207.06656201315
region_america_central,2013-11-01,train,145363.06099637237
region_america_central,2013-12-01,train,192030.9442146995
region_america_central,2014-01-01,train,155004.11886466408
region_america_central,2014-02-01,train,113013.19120402806
region_america_central,2014-03-01,train,128988.10570149668
region_america_central,2014-04-01,train,165710.43832628604
region_america_central,2014-05-01,train,135521.2386593173
region_america_central,2014-06-01,train,134941.00196309466
region_america_central,2014-07-01,train,162582.84589978974
region_america_central,2014-08-01,train,164237.67883810677
region_america_central,2014-09-01,train,144345.0918924419
region_america_central,2014-10-01,train,170965.76141273646
region_america_central,2014-11-01,train,187794.5418497074
region_america_central,2014-12-01,train,249672.1901061336
region_america_central,2015-01-01,train,177363.789305937
region_america_central,2015-02-01,train,132327.29557642978
region_america_central,2015-03-01,train,172026.6485562247
region_america_central,2015-04-01,train,184946.43581212885
region_america_central,2015-05-01,train,169508.94081668655
region_america_central,2015-06-01,train,173969.44256763888
region_america_central,2015-07-01,train,176548.67229525387
region_america_central,2015-08-01,train,182715.76114240257
region_america_central,2015-09-01,train,159367.91214107058
region_america_central,2015-10-01,train,172803.78183515833
region_america_central,2015-11-01,train,180825.69110129538
region_america_central,2015-12-01,train,250276.65700783863
region_america_central,2016-01-01,train,192937.115527317
region_america_central,2016-02-01,train,147150.87814481193
region_america_central,2016-03-01,train,238870.44667783802
region_america_central,2016-04-01,train,157651.36618051215
region_america_central,2016-05-01,train,169370.96893511314
region_america_central,2016-06-01,train,159050.22385501658
region_america_central,2016-07-01,train,188728.40315524102
region_america_central,2016-08-01,train,200565.55700648308
region_america_central,2016-09-01,train,143338.3982360568
region_america_central,2016-10-01,train,194543.07647134515
region_america_central,2016-11-01,train,191532.65548609028
region_america_central,2016-12-01,train,262265.6604966652
region_america_central,2017-01-01,train,197417.31572475474
region_america_central,2017-02-01,train,166979.10573019806
region_america_central,2017-03-01,train,219075.70534685743
region_america_central,2017-04-01,train,309634.008422462
region_america_central,2017-05-01,train,189615.35754693896
region_america_central,2017-06-01,train,177782.05194330736
region_america_central,2017-07-01,train,202947.73817983808
region_america_central,2017-08-01,train,210649.62302464846
region_america_central,2017-09-01,train,166138.01439936445
region_america_central,2017-10-01,train,180227.87774458498
region_america_central,2017-11-01,train,209690.9267201701
region_america_central,2017-12-01,train,277928.6630660552
region_america_central,2018-01-01,train,229847.23340657077
region_america_central,2018-02-01,train,185100.07677973848
region_america_central,2018-03-01,train,308231.15638934495
region_america_central,2018-04-01,train,244258.98755994975
region_america_central,2018-05-01,train,216959.07423047256
region_america_central,2018-06-01,train,234902.6045682296
region_america_central,2018-07-01,train,248852.39995325293
region_america_central,2018-08-01,train,280768.6206049612
region_america_central,2018-09-01,train,222892.34701733154
region_america_central,2018-10-01,train,218947.531641446
region_america_central,2018-11-01,train,234351.36219900285
region_america_central,2018-12-01,train,301254.13414134795
region_america_central,2019-01-01,train,281061.70492855995
region_america_central,2019-02-01,train,215845.97483533187
region_america_central,2019-03-01,train,278723.46848
region_america_central,2019-04-01,train,316516.9999999992
region_america_central,2019-05-01,train,235948.99999999924
region_america_central,2019-06-01,train,253202.99999999886
region_america_central,2019-07-01,train,274104.24383442267
region_america_central,2019-08-01,train,293027.99999999977
region_america_central,2019-09-01,train,247174.99999999942
region_america_central,2019-10-01,train,232198.9999999987
region_america_central,2019-11-01,train,260704.00000000247
region_america_central,2019-12-01,train,359173.0000000001
region_america_central,2020-01-01,train,307939.5517241379
region_america_central,2020-02-01,train,239370.0
region_america_central,2020-03-01,train,121339.25
region_america_central,2020-04-01,train,10039.0
region_america_central,2020-05-01,train,9779.0
region_america_central,2020-06-01,train,11817.0
region_america_central,2020-07-01,train,13484.0
region_america_central,2020-08-01,train,15357.0
region_america_central,2020-09-01,train,11220.49268292683
region_america_central,2020-10-01,train,14208.773559687135
region_america_central,2020-11-01,train,36164.0
region_america_central,2020-12-01,train,39679.0
region_america_central,2021-01-01,train,71529.0
region_america_central,2021-02-01,train,42917.0
region_america_central,2021-03-01,train,53656.37897633462
region_america_central,2021-04-01,test,37903.0
region_america_central,2021-05-01,test,49645.0
region_america_central,2021-06-01,test,60745.0
region_america_central,2021-07-01,test,64960.0
region_america_central,2021-08-01,test,51192.0
region_america_central,2021-09-01,test,48794.0
region_america_central,2021-10-01,test,59170.0
region_america_central,2021-11-01,test,64724.0
region_america_central,2021-12-01,test,149703.0
region_america_central,2022-01-01,test,86499.0
region_america_central,2022-02-01,test,146716.6
region_america_central,2022-03-01,test,163872.0
region_america_central,2022-04-01,test,223294.0
region_america_central,2022-05-01,test,198203.0
region_america_central,2022-06-01,test,198702.0
region_america_central,2022-07-01,test,231554.0
region_america_central,2022-08-01,test,232241.0
region_america_central,2022-09-01,test,195304.0
region_america_central,2022-10-01,test,218504.0
region_america_central,2022-11-01,test,244172.0
region_america_central,2022-12-01,test,310516.0
region_america_central,2023-01-01,test,178469.32493866165
region_america_central,2023-02-01,test,119271.23096515842
region_america_central,2023-03-01,test,153935.42964046483
region_america_central,2023-04-01,test,198941.59208471162
region_america_central,2023-05-01,test,138774.22764908767
region_america_central,2023-06-01,test,135248.71404810695
region_america_central,2023-07-01,test,166137.9578242136
region_america_central,2023-08-01,test,182500.9684217889
region_america_central,2023-09-01,test,154869.7513074363
region_america_central,2023-10-01,test,109570.68390564105
region_america_central,2023-11-01,test,167001.90696512978
region_america_central,2023-12-01,test,221296.68974899902
region_america_central,2024-01-01,test,197656.39235007428
region_america_central,2024-02-01,test,160647.301921617
region_america_central,2024-03-01,test,206697.74679208134
region_america_central,2024-04-01,test,152614.55714114258
region_america_central,2024-05-01,test,152267.11845642317
region_america_central,2024-06-01,test,130714.24281410879
region_america_central,2024-07-01,test,157324.79808869044
region_america_central,2024-08-01,test,191992.30000509688
region_america_central,2024-09-01,test,151186.9140386449
region_america_central,2024-10-01,test,170604.37848348546
region_america_central,2024-11-01,test,201390.66899286208
region_america_central,2024-12-01,test,242238.76669915067
region_america_central,2025-01-01,test,187170.21490193796
region_america_central,2025-02-01,test,155564.88401069562
region_america_central,2025-03-01,test,167729.99481481058
region_america_central,2025-04-01,test,203524.058390878
region_america_central,2025-05-01,test,160973.28389823987
region_america_central,2025-06-01,test,155037.64178094812
region_america_central,2025-07-01,test,165620.43786941576
region_america_central,2025-08-01,test,199695.16911306878
region_america_central,2025-09-01,test,154323.22999085515
region_america_central,2025-10-01,test,168768.28081863796
region_america_central,2025-11-01,test,194775.19206550196
region_america_central,2025-12-01,test,230511.15194255428
region_america_central,2026-01-01,test,188957.17965209973
region_america_central,2026-02-01,test,129776.30345186002
region_america_central,2026-03-01,test,157705.69437418517
region_america_central,2026-04-01,test,157872.58450827387
region_america_central,2026-05-01,test,146233.21372086005
region_america_central,2026-06-01,test,146093.47989936126
region_america_norte,2009-01-01,train,36033.941698790186
region_america_norte,2009-02-01,train,33970.304939764275
region_america_norte,2009-03-01,train,41482.52291901983
region_america_norte,2009-04-01,train,39595.78559290153
region_america_norte,2009-05-01,train,29239.054435873386
region_america_norte,2009-06-01,train,42017.63992312568
region_america_norte,2009-07-01,train,29178.482656187807
region_america_norte,2009-08-01,train,36449.89827360508
region_america_norte,2009-09-01,train,22160.70177407129
region_america_norte,2009-10-01,train,27973.456467998454
region_america_norte,2009-11-01,train,30074.137090030097
region_america_norte,2009-12-01,train,46425.25392786106
region_america_norte,2010-01-01,train,37862.25686690369
region_america_norte,2010-02-01,train,33685.103879544135
region_america_norte,2010-03-01,train,48435.772836797805
region_america_norte,2010-04-01,train,34912.7840027252
region_america_norte,2010-05-01,train,30032.47204263936
region_america_norte,2010-06-01,train,42844.6290307679
region_america_norte,2010-07-01,train,54110.503123979426
region_america_norte,2010-08-01,train,37421.200852685346
region_america_norte,2010-09-01,train,21925.081286924524
region_america_norte,2010-10-01,train,27855.470675876837
region_america_norte,2010-11-01,train,31066.677954471008
region_america_norte,2010-12-01,train,44218.65649802123
region_america_norte,2011-01-01,train,35403.47231500847
region_america_norte,2011-02-01,train,32746.73039589335
region_america_norte,2011-03-01,train,39814.20190138811
region_america_norte,2011-04-01,train,37249.370907135686
region_america_norte,2011-05-01,train,30125.85384931567
region_america_norte,2011-06-01,train,41325.93279548117
region_america_norte,2011-07-01,train,51321.06318306561
region_america_norte,2011-08-01,train,33741.422718375834
region_america_norte,2011-09-01,train,23078.162961206715
region_america_norte,2011-10-01,train,26427.092589548163
region_america_norte,2011-11-01,train,31803.074301626315
region_america_norte,2011-12-01,train,45546.767983558966
region_america_norte,2012-01-01,train,36525.61774875529
region_america_norte,2012-02-01,train,35615.76207630571
region_america_norte,2012-03-01,train,44971.20575306145
region_america_norte,2012-04-01,train,34347.81707520896
region_america_norte,2012-05-01,train,32340.899043989753
region_america_norte,2012-06-01,train,46108.72045709654
region_america_norte,2012-07-01,train,52488.44079197266
region_america_norte,2012-08-01,train,34261.910470307645
region_america_norte,2012-09-01,train,25049.86726162883
region_america_norte,2012-10-01,train,30033.3783682761
region_america_norte,2012-11-01,train,34753.761583425694
region_america_norte,2012-12-01,train,50497.55674248289
region_america_norte,2013-01-01,train,36342.95611943795
region_america_norte,2013-02-01,train,35378.61929500824
region_america_norte,2013-03-01,train,50680.1392725129
region_america_norte,2013-04-01,train,33933.729338032346
region_america_norte,2013-05-01,train,33675.4520809454
region_america_norte,2013-06-01,train,49276.65005487481
region_america_norte,2013-07-01,train,54852.25834770249
region_america_norte,2013-08-01,train,37092.379982278406
region_america_norte,2013-09-01,train,24513.825463389963
region_america_norte,2013-10-01,train,30397.4023209579
region_america_norte,2013-11-01,train,34869.96200824615
region_america_norte,2013-12-01,train,51340.45772465891
region_america_norte,2014-01-01,train,41127.227811726334
region_america_norte,2014-02-01,train,37720.0546607188
region_america_norte,2014-03-01,train,48389.224521172524
region_america_norte,2014-04-01,train,43212.69482263157
region_america_norte,2014-05-01,train,36616.32609329061
region_america_norte,2014-06-01,train,49299.47133819226
region_america_norte,2014-07-01,train,53891.748906113266
region_america_norte,2014-08-01,train,39134.95312940939
region_america_norte,2014-09-01,train,26058.688701117357
region_america_norte,2014-10-01,train,32218.109482390017
region_america_norte,2014-11-01,train,36831.06813600278
region_america_norte,2014-12-01,train,53132.544543470445
region_america_norte,2015-01-01,train,41163.161903264365
region_america_norte,2015-02-01,train,40762.951968060894
region_america_norte,2015-03-01,train,52359.75948309433
region_america_norte,2015-04-01,train,40574.072309488976
region_america_norte,2015-05-01,train,38338.66690576121
region_america_norte,2015-06-01,train,53259.244349369605
region_america_norte,2015-07-01,train,55031.504836900924
region_america_norte,2015-08-01,train,40773.39426934888
region_america_norte,2015-09-01,train,28826.858661593367
region_america_norte,2015-10-01,train,35099.496988287094
region_america_norte,2015-11-01,train,40229.31899892471
region_america_norte,2015-12-01,train,56265.581523951
region_america_norte,2016-01-01,train,42564.51382478961
region_america_norte,2016-02-01,train,41660.85164608057
region_america_norte,2016-03-01,train,56246.885982669715
region_america_norte,2016-04-01,train,34139.55416962172
region_america_norte,2016-05-01,train,36422.958814738806
region_america_norte,2016-06-01,train,50353.07142697131
region_america_norte,2016-07-01,train,57301.836403293935
region_america_norte,2016-08-01,train,37053.37071704102
region_america_norte,2016-09-01,train,25812.897222970292
region_america_norte,2016-10-01,train,33765.187990926475
region_america_norte,2016-11-01,train,35331.32504180851
region_america_norte,2016-12-01,train,40939.52816903266
region_america_norte,2017-01-01,train,35958.0594554757
region_america_norte,2017-02-01,train,40764.34532734305
region_america_norte,2017-03-01,train,48536.34855180859
region_america_norte,2017-04-01,train,44296.686508325016
region_america_norte,2017-05-01,train,34824.89388502458
region_america_norte,2017-06-01,train,52114.105624126765
region_america_norte,2017-07-01,train,62265.321436585386
region_america_norte,2017-08-01,train,40281.477990801424
region_america_norte,2017-09-01,train,28514.537579931428
region_america_norte,2017-10-01,train,37063.30387534907
region_america_norte,2017-11-01,train,40241.03651914181
region_america_norte,2017-12-01,train,56120.835855469835
region_america_norte,2018-01-01,train,45420.92776769754
region_america_norte,2018-02-01,train,41350.9147907607
region_america_norte,2018-03-01,train,58272.6265710873
region_america_norte,2018-04-01,train,41174.77879382227
region_america_norte,2018-05-01,train,40062.185485086746
region_america_norte,2018-06-01,train,58332.449940271144
region_america_norte,2018-07-01,train,63754.189994301414
region_america_norte,2018-08-01,train,46511.95113503041
region_america_norte,2018-09-01,train,31230.721450206787
region_america_norte,2018-10-01,train,40830.30135561978
region_america_norte,2018-11-01,train,47376.27446204648
region_america_norte,2018-12-01,train,65049.604659914854
region_america_norte,2019-01-01,train,47828.00000000001
region_america_norte,2019-02-01,train,45015.99999999999
region_america_norte,2019-03-01,train,55370.0
region_america_norte,2019-04-01,train,48777.99999999985
region_america_norte,2019-05-01,train,43339.00000000024
region_america_norte,2019-06-01,train,61958.00000000015
region_america_norte,2019-07-01,train,66272.0
region_america_norte,2019-08-01,train,48254.00000000019
region_america_norte,2019-09-01,train,32571.000000000084
region_america_norte,2019-10-01,train,41435.0
region_america_norte,2019-11-01,train,47094.99999999975
region_america_norte,2019-12-01,train,64640.999999999935
region_america_norte,2020-01-01,train,51644.0
region_america_norte,2020-02-01,train,51210.0
region_america_norte,2020-03-01,train,23675.0
region_america_norte,2020-04-01,train,0.0
region_america_norte,2020-05-01,train,0.0
region_america_norte,2020-06-01,train,0.0
region_america_norte,2020-07-01,train,0.0
region_america_norte,2020-08-01,train,0.0
region_america_norte,2020-09-01,train,1144.0
region_america_norte,2020-10-01,train,1831.278443106
region_america_norte,2020-11-01,train,12742.0
region_america_norte,2020-12-01,train,13549.0
region_america_norte,2021-01-01,train,13870.0
region_america_norte,2021-02-01,train,7313.0
region_america_norte,2021-03-01,train,25250.0
region_america_norte,2021-04-01,test,17564.0
region_america_norte,2021-05-01,test,19349.0
region_america_norte,2021-06-01,test,28504.0
region_america_norte,2021-07-01,test,26905.0
region_america_norte,2021-08-01,test,15939.0
region_america_norte,2021-09-01,test,13003.0
region_america_norte,2021-10-01,test,16873.0
region_america_norte,2021-11-01,test,22724.0
region_america_norte,2021-12-01,test,57595.0
region_america_norte,2022-01-01,test,31451.0
region_america_norte,2022-02-01,test,31340.0
region_america_norte,2022-03-01,test,44999.0
region_america_norte,2022-04-01,test,48861.0
region_america_norte,2022-05-01,test,45596.0
region_america_norte,2022-06-01,test,56586.0
region_america_norte,2022-07-01,test,54309.0
region_america_norte,2022-08-01,test,42553.0
region_america_norte,2022-09-01,test,33194.0
region_america_norte,2022-10-01,test,40404.0
region_america_norte,2022-11-01,test,41749.0
region_america_norte,2022-12-01,test,62274.0
region_america_norte,2023-01-01,test,52108.60115686782
region_america_norte,2023-02-01,test,51865.9519356297
region_america_norte,2023-03-01,test,66572.55963862414
region_america_norte,2023-04-01,test,55382.23160902609
region_america_norte,2023-05-01,test,51272.85906832217
region_america_norte,2023-06-01,test,68588.03777387677
region_america_norte,2023-07-01,test,70692.99262371616
region_america_norte,2023-08-01,test,55583.138067283595
region_america_norte,2023-09-01,test,41730.119457500514
region_america_norte,2023-10-01,test,35869.926806526804
region_america_norte,2023-11-01,test,54451.45000323226
region_america_norte,2023-12-01,test,79127.06209514003
region_america_norte,2024-01-01,test,63914.014986960305
region_america_norte,2024-02-01,test,69065.90921193836
region_america_norte,2024-03-01,test,81207.71720844385
region_america_norte,2024-04-01,test,60460.321312080916
region_america_norte,2024-05-01,test,61292.18036441695
region_america_norte,2024-06-01,test,82320.16713048855
region_america_norte,2024-07-01,test,82205.10073409877
region_america_norte,2024-08-01,test,61032.010210578876
region_america_norte,2024-09-01,test,41562.9957955142
region_america_norte,2024-10-01,test,50582.22449190525
region_america_norte,2024-11-01,test,63735.577115699765
region_america_norte,2024-12-01,test,87399.59165771572
region_america_norte,2025-01-01,test,68397.96450108268
region_america_norte,2025-02-01,test,63957.000584805966
region_america_norte,2025-03-01,test,75852.92901828368
region_america_norte,2025-04-01,test,66079.27932998464
region_america_norte,2025-05-01,test,62372.21123519666
region_america_norte,2025-06-01,test,77123.91941036285
region_america_norte,2025-07-01,test,86624.7694980845
region_america_norte,2025-08-01,test,64687.51798660194
region_america_norte,2025-09-01,test,43141.46955528722
region_america_norte,2025-10-01,test,58936.753242921244
region_america_norte,2025-11-01,test,73826.48112406474
region_america_norte,2025-12-01,test,98379.80523723102
region_america_norte,2026-01-01,test,73593.52143810508
region_america_norte,2026-02-01,test,70561.89285714286
region_america_norte,2026-03-01,test,91979.38491444387
region_america_norte,2026-04-01,test,69651.81522507363
region_america_norte,2026-05-01,test,67069.11018582762
region_america_norte,2026-06-01,test,74834.618172677
region_europa,2009-01-01,train,12061.0
region_europa,2009-02-01,train,12642.0
region_europa,2009-03-01,train,13676.0
region_europa,2009-04-01,train,10562.0
region_europa,2009-05-01,train,6245.0
region_europa,2009-06-01,train,6653.0
region_europa,2009-07-01,train,6326.0
region_europa,2009-08-01,train,10170.0
region_europa,2009-09-01,train,6324.0
region_europa,2009-10-01,train,7377.0
region_europa,2009-11-01,train,10931.0
region_europa,2009-12-01,train,9223.0
region_europa,2010-01-01,train,9873.0
region_europa,2010-02-01,train,10714.0
region_europa,2010-03-01,train,11484.0
region_europa,2010-04-01,train,8727.0
region_europa,2010-05-01,train,7041.0
region_europa,2010-06-01,train,6520.0
region_europa,2010-07-01,train,12284.0
region_europa,2010-08-01,train,11594.0
region_europa,2010-09-01,train,6155.0
region_europa,2010-10-01,train,7993.0
region_europa,2010-11-01,train,11268.0
region_europa,2010-12-01,train,9704.0
region_europa,2011-01-01,train,10214.0
region_europa,2011-02-01,train,10924.0
region_europa,2011-03-01,train,10649.0
region_europa,2011-04-01,train,9218.0
region_europa,2011-05-01,train,6639.0
region_europa,2011-06-01,train,6452.0
region_europa,2011-07-01,train,10530.0
region_europa,2011-08-01,train,10035.0
region_europa,2011-09-01,train,5963.0
region_europa,2011-10-01,train,7459.0
region_europa,2011-11-01,train,11263.0
region_europa,2011-12-01,train,9261.0
region_europa,2012-01-01,train,9565.0
region_europa,2012-02-01,train,10801.0
region_europa,2012-03-01,train,11173.0
region_europa,2012-04-01,train,8251.0
region_europa,2012-05-01,train,6557.0
region_europa,2012-06-01,train,6124.0
region_europa,2012-07-01,train,9777.0
region_europa,2012-08-01,train,9099.0
region_europa,2012-09-01,train,5878.0
region_europa,2012-10-01,train,7802.0
region_europa,2012-11-01,train,12078.0
region_europa,2012-12-01,train,10324.0
region_europa,2013-01-01,train,10470.0
region_europa,2013-02-01,train,11147.0
region_europa,2013-03-01,train,10944.0
region_europa,2013-04-01,train,8564.0
region_europa,2013-05-01,train,6666.0
region_europa,2013-06-01,train,6918.0
region_europa,2013-07-01,train,10078.0
region_europa,2013-08-01,train,9376.0
region_europa,2013-09-01,train,6461.0
region_europa,2013-10-01,train,8507.0
region_europa,2013-11-01,train,12817.0
region_europa,2013-12-01,train,10265.0
region_europa,2014-01-01,train,12665.0
region_europa,2014-02-01,train,13163.0
region_europa,2014-03-01,train,13155.0
region_europa,2014-04-01,train,10732.0
region_europa,2014-05-01,train,8130.0
region_europa,2014-06-01,train,6933.0
region_europa,2014-07-01,train,10928.0
region_europa,2014-08-01,train,11304.0
region_europa,2014-09-01,train,7332.0
region_europa,2014-10-01,train,9954.0
region_europa,2014-11-01,train,12941.0
region_europa,2014-12-01,train,12146.0
region_europa,2015-01-01,train,13347.0
region_europa,2015-02-01,train,13323.0
region_europa,2015-03-01,train,13703.0
region_europa,2015-04-01,train,10582.0
region_europa,2015-05-01,train,7884.0
region_europa,2015-06-01,train,7389.0
region_europa,2015-07-01,train,10932.0
region_europa,2015-08-01,train,11590.0
region_europa,2015-09-01,train,7652.0
region_europa,2015-10-01,train,9191.0
region_europa,2015-11-01,train,12986.0
region_europa,2015-12-01,train,11856.0
region_europa,2016-01-01,train,13150.0
region_europa,2016-02-01,train,13890.0
region_europa,2016-03-01,train,14293.0
region_europa,2016-04-01,train,9405.0
region_europa,2016-05-01,train,7526.0
region_europa,2016-06-01,train,6683.0
region_europa,2016-07-01,train,11278.0
region_europa,2016-08-01,train,10319.0
region_europa,2016-09-01,train,7501.768294305017
region_europa,2016-10-01,train,9028.0
region_europa,2016-11-01,train,12814.0
region_europa,2016-12-01,train,9499.0
region_europa,2017-01-01,train,13566.181203015478
region_europa,2017-02-01,train,14561.081627321388
region_europa,2017-03-01,train,15015.58866638628
region_europa,2017-04-01,train,11567.855572090974
region_europa,2017-05-01,train,8172.053579174342
region_europa,2017-06-01,train,7149.947400000001
region_europa,2017-07-01,train,13228.9684
region_europa,2017-08-01,train,12124.683999999994
region_europa,2017-09-01,train,8198.3282
region_europa,2017-10-01,train,10459.014500000003
region_europa,2017-11-01,train,13871.606100000014
region_europa,2017-12-01,train,11078.999999999995
region_europa,2018-01-01,train,14512.3104
region_europa,2018-02-01,train,14219.000000000005
region_europa,2018-03-01,train,13939.000000000007
region_europa,2018-04-01,train,11243.095
region_europa,2018-05-01,train,8852.0
region_europa,2018-06-01,train,7649.000000017012
region_europa,2018-07-01,train,13359.000000000005
region_europa,2018-08-01,train,14017.00000000001
region_europa,2018-09-01,train,7702.999999999996
region_europa,2018-10-01,train,10687.371700216832
region_europa,2018-11-01,train,15213.999999999995
region_europa,2018-12-01,train,14125.35798443276
region_europa,2019-01-01,train,14724.708446837318
region_europa,2019-02-01,train,13868.24474340032
region_europa,2019-03-01,train,13904.083808471225
region_europa,2019-04-01,train,11110.610124178693
region_europa,2019-05-01,train,8259.68955145634
region_europa,2019-06-01,train,7212.748080928468
region_europa,2019-07-01,train,12848.090689428765
region_europa,2019-08-01,train,12647.026976547048
region_europa,2019-09-01,train,7419.009860079071
region_europa,2019-10-01,train,9658.169718389043
region_europa,2019-11-01,train,15912.171799593107
region_europa,2019-12-01,train,13673.411952743774
region_europa,2020-01-01,train,15121.596391368887
region_europa,2020-02-01,train,16224.10861737468
region_europa,2020-03-01,train,5748.307240338709
region_europa,2020-04-01,train,0.0
region_europa,2020-05-01,train,0.0
region_europa,2020-06-01,train,0.0
region_europa,2020-07-01,train,0.0
region_europa,2020-08-01,train,0.0
region_europa,2020-09-01,train,22.0
region_europa,2020-10-01,train,202.14656290102596
region_europa,2020-11-01,train,1461.0
region_europa,2020-12-01,train,1008.0
region_europa,2021-01-01,train,2128.0
region_europa,2021-02-01,train,946.0
region_europa,2021-03-01,train,2511.1132655151227
region_europa,2021-04-01,test,1957.1727574750762
region_europa,2021-05-01,test,2150.0
region_europa,2021-06-01,test,2099.0
region_europa,2021-07-01,test,2456.0
region_europa,2021-08-01,test,2367.0
region_europa,2021-09-01,test,1816.0
region_europa,2021-10-01,test,3245.0
region_europa,2021-11-01,test,5746.0
region_europa,2021-12-01,test,8958.21739130434
region_europa,2022-01-01,test,8829.0
region_europa,2022-02-01,test,9011.0
region_europa,2022-03-01,test,10288.0
region_europa,2022-04-01,test,11837.0
region_europa,2022-05-01,test,7827.0
region_europa,2022-06-01,test,5841.0
region_europa,2022-07-01,test,10376.0
region_europa,2022-08-01,test,11412.0
region_europa,2022-09-01,test,6998.0
region_europa,2022-10-01,test,9073.0
region_europa,2022-11-01,test,20420.0
region_europa,2022-12-01,test,12829.0
region_europa,2023-01-01,test,13967.67045045045
region_europa,2023-02-01,test,15507.741078651703
region_europa,2023-03-01,test,17234.144163381854
region_europa,2023-04-01,test,14254.783529445063
region_europa,2023-05-01,test,9737.398565443464
region_europa,2023-06-01,test,7405.357142857143
region_europa,2023-07-01,test,9324.0
region_europa,2023-08-01,test,12202.287448233263
region_europa,2023-09-01,test,6954.275298758103
region_europa,2023-10-01,test,8852.71942020386
region_europa,2023-11-01,test,16684.333029931116
region_europa,2023-12-01,test,13745.922191545675
region_europa,2024-01-01,test,15782.69696969697
region_europa,2024-02-01,test,19031.18935235288
region_europa,2024-03-01,test,17712.824049383435
region_europa,2024-04-01,test,13101.103428950486
region_europa,2024-05-01,test,9831.822660929254
region_europa,2024-06-01,test,7704.626441205853
region_europa,2024-07-01,test,13120.95633530143
region_europa,2024-08-01,test,14104.951861028403
region_europa,2024-09-01,test,7823.7
region_europa,2024-10-01,test,12275.3759571865
region_europa,2024-11-01,test,19800.69115285899
region_europa,2024-12-01,test,16340.19678948498
region_europa,2025-01-01,test,17867.352185698226
region_europa,2025-02-01,test,19359.484355323595
region_europa,2025-03-01,test,18719.98492418536
region_europa,2025-04-01,test,14988.54023056482
region_europa,2025-05-01,test,9765.477667851861
region_europa,2025-06-01,test,7502.44197975448
region_europa,2025-07-01,test,14115.050901149934
region_europa,2025-08-01,test,14330.169898699036
region_europa,2025-09-01,test,7069.12228049728
region_europa,2025-10-01,test,11742.760792540792
region_europa,2025-11-01,test,22824.349925127284
region_europa,2025-12-01,test,17977.19796034595
region_europa,2026-01-01,test,19157.9054083127
region_europa,2026-02-01,test,20117.64108533653
region_europa,2026-03-01,test,21565.286411718895
region_europa,2026-04-01,test,15281.335701002256
region_europa,2026-05-01,test,10869.584810481276
region_europa,2026-06-01,test,7855.77040513175
frontera_aurora,2009-01-01,train,81271.0
frontera_aurora,2009-02-01,train,69663.0
frontera_aurora,2009-03-01,train,84051.0
frontera_aurora,2009-04-01,train,80247.0
frontera_aurora,2009-05-01,train,64456.0
frontera_aurora,2009-06-01,train,81382.0
frontera_aurora,2009-07-01,train,74653.0
frontera_aurora,2009-08-01,train,75763.0
frontera_aurora,2009-09-01,train,61861.0
frontera_aurora,2009-10-01,train,72828.0
frontera_aurora,2009-11-01,train,82212.0
frontera_aurora,2009-12-01,train,103686.0
frontera_aurora,2010-01-01,train,84867.0
frontera_aurora,2010-02-01,train,68976.0
frontera_aurora,2010-03-01,train,88502.0
frontera_aurora,2010-04-01,train,76253.0
frontera_aurora,2010-05-01,train,64915.0
frontera_aurora,2010-06-01,train,84460.0
frontera_aurora,2010-07-01,train,102148.0
frontera_aurora,2010-08-01,train,79034.0
frontera_aurora,2010-09-01,train,62772.0
frontera_aurora,2010-10-01,train,76192.0
frontera_aurora,2010-11-01,train,84269.0
frontera_aurora,2010-12-01,train,99374.0
frontera_aurora,2011-01-01,train,81528.0
frontera_aurora,2011-02-01,train,69003.0
frontera_aurora,2011-03-01,train,77452.0
frontera_aurora,2011-04-01,train,76906.0
frontera_aurora,2011-05-01,train,67989.0
frontera_aurora,2011-06-01,train,82227.0
frontera_aurora,2011-07-01,train,97440.0
frontera_aurora,2011-08-01,train,77293.0
frontera_aurora,2011-09-01,train,65207.0
frontera_aurora,2011-10-01,train,71504.0
frontera_aurora,2011-11-01,train,85769.0
frontera_aurora,2011-12-01,train,100923.0
frontera_aurora,2012-01-01,train,80805.0
frontera_aurora,2012-02-01,train,69673.0
frontera_aurora,2012-03-01,train,84290.0
frontera_aurora,2012-04-01,train,74743.0
frontera_aurora,2012-05-01,train,71823.0
frontera_aurora,2012-06-01,train,87683.0
frontera_aurora,2012-07-01,train,96093.0
frontera_aurora,2012-08-01,train,72094.0
frontera_aurora,2012-09-01,train,65590.0
frontera_aurora,2012-10-01,train,75312.0
frontera_aurora,2012-11-01,train,87621.0
frontera_aurora,2012-12-01,train,102147.0
frontera_aurora,2013-01-01,train,79816.0
frontera_aurora,2013-02-01,train,68700.0
frontera_aurora,2013-03-01,train,90702.0
frontera_aurora,2013-04-01,train,72051.0
frontera_aurora,2013-05-01,train,70872.0
frontera_aurora,2013-06-01,train,89021.0
frontera_aurora,2013-07-01,train,95070.0
frontera_aurora,2013-08-01,train,77804.0
frontera_aurora,2013-09-01,train,66442.0
frontera_aurora,2013-10-01,train,79438.0
frontera_aurora,2013-11-01,train,92265.0
frontera_aurora,2013-12-01,train,112230.0
frontera_aurora,2014-01-01,train,89922.0
frontera_aurora,2014-02-01,train,77948.0
frontera_aurora,2014-03-01,train,91935.0
frontera_aurora,2014-04-01,train,89382.0
frontera_aurora,2014-05-01,train,80202.0
frontera_aurora,2014-06-01,train,98962.0
frontera_aurora,2014-07-01,train,102567.0
frontera_aurora,2014-08-01,train,86299.0
frontera_aurora,2014-09-01,train,73502.0
frontera_aurora,2014-10-01,train,86176.0
frontera_aurora,2014-11-01,train,95629.0
frontera_aurora,2014-12-01,train,117614.0
frontera_aurora,2015-01-01,train,94819.0
frontera_aurora,2015-02-01,train,79713.0
frontera_aurora,2015-03-01,train,97898.0
frontera_aurora,2015-04-01,train,87359.0
frontera_aurora,2015-05-01,train,84177.0
frontera_aurora,2015-06-01,train,104714.0
frontera_aurora,2015-07-01,train,106690.0
frontera_aurora,2015-08-01,train,90393.0
frontera_aurora,2015-09-01,train,82741.0
frontera_aurora,2015-10-01,train,97079.0
frontera_aurora,2015-11-01,train,109966.0
frontera_aurora,2015-12-01,train,129455.0
frontera_aurora,2016-01-01,train,108808.0
frontera_aurora,2016-02-01,train,90711.0
frontera_aurora,2016-03-01,train,116938.0
frontera_aurora,2016-04-01,train,90733.0
frontera_aurora,2016-05-01,train,96208.0
frontera_aurora,2016-06-01,train,112889.0
frontera_aurora,2016-07-01,train,129819.0
frontera_aurora,2016-08-01,train,100692.0
frontera_aurora,2016-09-01,train,80492.85714285722
frontera_aurora,2016-10-01,train,102044.0
frontera_aurora,2016-11-01,train,111728.0
frontera_aurora,2016-12-01,train,111577.0
frontera_aurora,2017-01-01,train,98917.0
frontera_aurora,2017-02-01,train,94381.0
frontera_aurora,2017-03-01,train,106087.0
frontera_aurora,2017-04-01,train,109982.00000000001
frontera_aurora,2017-05-01,train,89609.0
frontera_aurora,2017-06-01,train,113862.99999999999
frontera_aurora,2017-07-01,train,134157.0
frontera_aurora,2017-08-01,train,100248.0
frontera_aurora,2017-09-01,train,90876.0
frontera_aurora,2017-10-01,train,108942.00000000001
frontera_aurora,2017-11-01,train,121191.99999999999
frontera_aurora,2017-12-01,train,142567.0
frontera_aurora,2018-01-01,train,117165.0
frontera_aurora,2018-02-01,train,95580.0
frontera_aurora,2018-03-01,train,123800.0
frontera_aurora,2018-04-01,train,104723.0
frontera_aurora,2018-05-01,train,103663.0
frontera_aurora,2018-06-01,train,120538.00000000009
frontera_aurora,2018-07-01,train,134593.0
frontera_aurora,2018-08-01,train,110390.00000000073
frontera_aurora,2018-09-01,train,94811.29173150646
frontera_aurora,2018-10-01,train,114884.9962847312
frontera_aurora,2018-11-01,train,135243.36194730835
frontera_aurora,2018-12-01,train,156190.3959668107
frontera_aurora,2019-01-01,train,126438.70492856001
frontera_aurora,2019-02-01,train,106444.17419556303
frontera_aurora,2019-03-01,train,118787.0220572801
frontera_aurora,2019-04-01,train,125251.99999999897
frontera_aurora,2019-05-01,train,109451.99999999949
frontera_aurora,2019-06-01,train,127541.99999999904
frontera_aurora,2019-07-01,train,138480.64109759167
frontera_aurora,2019-08-01,train,114840.99999999999
frontera_aurora,2019-09-01,train,101114.99999999949
frontera_aurora,2019-10-01,train,118992.99999999866
frontera_aurora,2019-11-01,train,136891.00000000227
frontera_aurora,2019-12-01,train,157465.00000000003
frontera_aurora,2020-01-01,train,130440.00219828535
frontera_aurora,2020-02-01,train,112587.99999999996
frontera_aurora,2020-03-01,train,54740.992130115425
frontera_aurora,2020-04-01,train,484.0
frontera_aurora,2020-05-01,train,608.0
frontera_aurora,2020-06-01,train,1418.0
frontera_aurora,2020-07-01,train,1047.0
frontera_aurora,2020-08-01,train,1259.0
frontera_aurora,2020-09-01,train,5598.0
frontera_aurora,2020-10-01,train,5306.932304319845
frontera_aurora,2020-11-01,train,38988.0
frontera_aurora,2020-12-01,train,50370.0
frontera_aurora,2021-01-01,train,40801.0
frontera_aurora,2021-02-01,train,28780.0
frontera_aurora,2021-03-01,train,58806.13961892685
frontera_aurora,2021-04-01,test,33042.102901499005
frontera_aurora,2021-05-01,test,58366.0
frontera_aurora,2021-06-01,test,73409.0
frontera_aurora,2021-07-01,test,70338.0
frontera_aurora,2021-08-01,test,50329.0
frontera_aurora,2021-09-01,test,45550.99999999996
frontera_aurora,2021-10-01,test,58214.0
frontera_aurora,2021-11-01,test,68341.0
frontera_aurora,2021-12-01,test,122055.0
frontera_aurora,2022-01-01,test,97425.0
frontera_aurora,2022-02-01,test,80430.0
frontera_aurora,2022-03-01,test,106039.0
frontera_aurora,2022-04-01,test,120691.0
frontera_aurora,2022-05-01,test,111743.0
frontera_aurora,2022-06-01,test,123396.0
frontera_aurora,2022-07-01,test,124569.0
frontera_aurora,2022-08-01,test,108814.0
frontera_aurora,2022-09-01,test,103185.0
frontera_aurora,2022-10-01,test,122906.0
frontera_aurora,2022-11-01,test,131130.0
frontera_aurora,2022-12-01,test,158073.0
frontera_aurora,2023-01-01,test,76213.0
frontera_aurora,2023-02-01,test,75139.0
frontera_aurora,2023-03-01,test,92427.0
frontera_aurora,2023-04-01,test,79177.0
frontera_aurora,2023-05-01,test,71800.0
frontera_aurora,2023-06-01,test,87748.0
frontera_aurora,2023-07-01,test,98942.0
frontera_aurora,2023-08-01,test,79084.0
frontera_aurora,2023-09-01,test,67300.0
frontera_aurora,2023-10-01,test,59320.0
frontera_aurora,2023-11-01,test,89115.0
frontera_aurora,2023-12-01,test,108287.0
frontera_aurora,2024-01-01,test,95943.0
frontera_aurora,2024-02-01,test,98780.0
frontera_aurora,2024-03-01,test,108306.0
frontera_aurora,2024-04-01,test,87832.0
frontera_aurora,2024-05-01,test,87971.0
frontera_aurora,2024-06-01,test,104432.0
frontera_aurora,2024-07-01,test,110289.0
frontera_aurora,2024-08-01,test,88601.0
frontera_aurora,2024-09-01,test,69259.0
frontera_aurora,2024-10-01,test,81163.0
frontera_aurora,2024-11-01,test,97101.0
frontera_aurora,2024-12-01,test,112947.0
frontera_aurora,2025-01-01,test,101100.0
frontera_aurora,2025-02-01,test,92669.0
frontera_aurora,2025-03-01,test,107158.0
frontera_aurora,2025-04-01,test,93445.0
frontera_aurora,2025-05-01,test,87746.0
frontera_aurora,2025-06-01,test,99386.0
frontera_aurora,2025-07-01,test,117314.0
frontera_aurora,2025-08-01,test,90568.0
frontera_aurora,2025-09-01,test,70415.0
frontera_aurora,2025-10-01,test,89989.0
frontera_aurora,2025-11-01,test,111541.0
frontera_aurora,2025-12-01,test,127274.0
frontera_aurora,2026-01-01,test,113422.0
frontera_aurora,2026-02-01,test,106723.0
frontera_aurora,2026-03-01,test,127510.0
frontera_aurora,2026-04-01,test,102021.0
frontera_aurora,2026-05-01,test,95801.0
frontera_aurora,2026-06-01,test,98198.0
frontera_valle_nuevo,2009-01-01,train,16204.815817785888
frontera_valle_nuevo,2009-02-01,train,17754.437037243595
frontera_valle_nuevo,2009-03-01,train,27236.74471006802
frontera_valle_nuevo,2009-04-01,train,36564.959498224045
frontera_valle_nuevo,2009-05-01,train,26924.008001322585
frontera_valle_nuevo,2009-06-01,train,30067.35691343928
frontera_valle_nuevo,2009-07-01,train,28307.596798707826
frontera_valle_nuevo,2009-08-01,train,51365.15044045175
frontera_valle_nuevo,2009-09-01,train,33223.75025511329
frontera_valle_nuevo,2009-10-01,train,35033.18554977948
frontera_valle_nuevo,2009-11-01,train,38182.357177253354
frontera_valle_nuevo,2009-12-01,train,45869.99332881604
frontera_valle_nuevo,2010-01-01,train,19016.36973030279
frontera_valle_nuevo,2010-02-01,train,20638.23918072824
frontera_valle_nuevo,2010-03-01,train,21857.55870946281
frontera_valle_nuevo,2010-04-01,train,39169.02771231902
frontera_valle_nuevo,2010-05-01,train,32335.391583272623
frontera_valle_nuevo,2010-06-01,train,33832.65557331627
frontera_valle_nuevo,2010-07-01,train,41824.54209636303
frontera_valle_nuevo,2010-08-01,train,49011.42659093587
frontera_valle_nuevo,2010-09-01,train,29919.853689875574
frontera_valle_nuevo,2010-10-01,train,32624.87706011207
frontera_valle_nuevo,2010-11-01,train,38975.16226784681
frontera_valle_nuevo,2010-12-01,train,49153.36449247465
frontera_valle_nuevo,2011-01-01,train,19781.99766267787
frontera_valle_nuevo,2011-02-01,train,20024.56312375309
frontera_valle_nuevo,2011-03-01,train,31779.263113919333
frontera_valle_nuevo,2011-04-01,train,43041.709204256746
frontera_valle_nuevo,2011-05-01,train,33634.023705894186
frontera_valle_nuevo,2011-06-01,train,33768.87630967601
frontera_valle_nuevo,2011-07-01,train,41319.86378205304
frontera_valle_nuevo,2011-08-01,train,39986.95680294388
frontera_valle_nuevo,2011-09-01,train,31350.087621343144
frontera_valle_nuevo,2011-10-01,train,33131.44086127238
frontera_valle_nuevo,2011-11-01,train,43409.35031323984
frontera_valle_nuevo,2011-12-01,train,54537.257696111
frontera_valle_nuevo,2012-01-01,train,20562.41080891789
frontera_valle_nuevo,2012-02-01,train,22238.632687684734
frontera_valle_nuevo,2012-03-01,train,33414.05980710964
frontera_valle_nuevo,2012-04-01,train,37925.92683973227
frontera_valle_nuevo,2012-05-01,train,31571.300830320248
frontera_valle_nuevo,2012-06-01,train,35841.99524327122
frontera_valle_nuevo,2012-07-01,train,40239.64290308569
frontera_valle_nuevo,2012-08-01,train,39569.28528603381
frontera_valle_nuevo,2012-09-01,train,34117.79139282102
frontera_valle_nuevo,2012-10-01,train,36371.81930825689
frontera_valle_nuevo,2012-11-01,train,39519.41271287016
frontera_valle_nuevo,2012-12-01,train,40516.279174422685
frontera_valle_nuevo,2013-01-01,train,14105.706132349587
frontera_valle_nuevo,2013-02-01,train,15284.71462988515
frontera_valle_nuevo,2013-03-01,train,41537.224350942975
frontera_valle_nuevo,2013-04-01,train,50082.63160884642
frontera_valle_nuevo,2013-05-01,train,58264.692596449844
frontera_valle_nuevo,2013-06-01,train,52402.7935228657
frontera_valle_nuevo,2013-07-01,train,56163.58820574229
frontera_valle_nuevo,2013-08-01,train,61237.24866642869
frontera_valle_nuevo,2013-09-01,train,51372.65713674664
frontera_valle_nuevo,2013-10-01,train,31368.131308491735
frontera_valle_nuevo,2013-11-01,train,41322.61287625236
frontera_valle_nuevo,2013-12-01,train,53904.48592416262
frontera_valle_nuevo,2014-01-01,train,46158.80039651266
frontera_valle_nuevo,2014-02-01,train,31893.40770701749
frontera_valle_nuevo,2014-03-01,train,33010.74208081591
frontera_valle_nuevo,2014-04-01,train,62422.191388671636
frontera_valle_nuevo,2014-05-01,train,56029.82194230338
frontera_valle_nuevo,2014-06-01,train,44258.49492120304
frontera_valle_nuevo,2014-07-01,train,65937.77659476819
frontera_valle_nuevo,2014-08-01,train,69913.47698173931
frontera_valle_nuevo,2014-09-01,train,58339.75713246292
frontera_valle_nuevo,2014-10-01,train,72619.45403413894
frontera_valle_nuevo,2014-11-01,train,67060.48466319003
frontera_valle_nuevo,2014-12-01,train,92565.98533714117
frontera_valle_nuevo,2015-01-01,train,64770.80473791486
frontera_valle_nuevo,2015-02-01,train,53125.142226837794
frontera_valle_nuevo,2015-03-01,train,68995.87491797576
frontera_valle_nuevo,2015-04-01,train,69124.87353075722
frontera_valle_nuevo,2015-05-01,train,62803.45850449224
frontera_valle_nuevo,2015-06-01,train,62313.871343907645
frontera_valle_nuevo,2015-07-01,train,64085.95908205468
frontera_valle_nuevo,2015-08-01,train,71512.32016434913
frontera_valle_nuevo,2015-09-01,train,57387.24545061117
frontera_valle_nuevo,2015-10-01,train,61769.83467430166
frontera_valle_nuevo,2015-11-01,train,60200.49224743085
frontera_valle_nuevo,2015-12-01,train,89628.97448503341
frontera_valle_nuevo,2016-01-01,train,58566.949886503935
frontera_valle_nuevo,2016-02-01,train,48099.23988102588
frontera_valle_nuevo,2016-03-01,train,72127.9805988163
frontera_valle_nuevo,2016-04-01,train,45043.34063403904
frontera_valle_nuevo,2016-05-01,train,51124.87146566285
frontera_valle_nuevo,2016-06-01,train,49861.10166828773
frontera_valle_nuevo,2016-07-01,train,57044.28562981837
frontera_valle_nuevo,2016-08-01,train,54882.12513986865
frontera_valle_nuevo,2016-09-01,train,56756.32712879274
frontera_valle_nuevo,2016-10-01,train,43151.88807598828
frontera_valle_nuevo,2016-11-01,train,8246.280153887477
frontera_valle_nuevo,2016-12-01,train,57241.935894255614
frontera_valle_nuevo,2017-01-01,train,47656.032675678965
frontera_valle_nuevo,2017-02-01,train,49272.74258499439
frontera_valle_nuevo,2017-03-01,train,66234.65596287766
frontera_valle_nuevo,2017-04-01,train,85000.0999999983
frontera_valle_nuevo,2017-05-01,train,64036.51857741737
frontera_valle_nuevo,2017-06-01,train,64163.794715147706
frontera_valle_nuevo,2017-07-01,train,70739.0703192703
frontera_valle_nuevo,2017-08-01,train,66947.44214423212
frontera_valle_nuevo,2017-09-01,train,62166.047006579414
frontera_valle_nuevo,2017-10-01,train,63946.60335369448
frontera_valle_nuevo,2017-11-01,train,71034.06107808513
frontera_valle_nuevo,2017-12-01,train,93447.95882270728
frontera_valle_nuevo,2018-01-01,train,74341.2000314484
frontera_valle_nuevo,2018-02-01,train,58978.36005036289
frontera_valle_nuevo,2018-03-01,train,85422.55362997063
frontera_valle_nuevo,2018-04-01,train,69698.47405869399
frontera_valle_nuevo,2018-05-01,train,67063.40056248406
frontera_valle_nuevo,2018-06-01,train,63228.356479892944
frontera_valle_nuevo,2018-07-01,train,78335.26725164127
frontera_valle_nuevo,2018-08-01,train,83743.9957869675
frontera_valle_nuevo,2018-09-01,train,72030.6429486957
frontera_valle_nuevo,2018-10-01,train,74185.4149057892
frontera_valle_nuevo,2018-11-01,train,80025.38138175999
frontera_valle_nuevo,2018-12-01,train,99505.92068339475
frontera_valle_nuevo,2019-01-01,train,80376.14782608696
frontera_valle_nuevo,2019-02-01,train,63013.00689655173
frontera_valle_nuevo,2019-03-01,train,75403.0
frontera_valle_nuevo,2019-04-01,train,97505.05564142195
frontera_valle_nuevo,2019-05-01,train,72853.0
frontera_valle_nuevo,2019-06-01,train,66909.97495674614
frontera_valle_nuevo,2019-07-01,train,81324.03474903475
frontera_valle_nuevo,2019-08-01,train,88068.66592427617
frontera_valle_nuevo,2019-09-01,train,72793.20360824742
frontera_valle_nuevo,2019-10-01,train,78486.65457991928
frontera_valle_nuevo,2019-11-01,train,87418.17196302181
frontera_valle_nuevo,2019-12-01,train,111142.0
frontera_valle_nuevo,2020-01-01,train,83137.0
frontera_valle_nuevo,2020-02-01,train,70033.07283763278
frontera_valle_nuevo,2020-03-01,train,25493.172588832487
frontera_valle_nuevo,2020-04-01,train,201.0
frontera_valle_nuevo,2020-05-01,train,193.0
frontera_valle_nuevo,2020-06-01,train,208.0
frontera_valle_nuevo,2020-07-01,train,314.0
frontera_valle_nuevo,2020-08-01,train,325.0
frontera_valle_nuevo,2020-09-01,train,944.0
frontera_valle_nuevo,2020-10-01,train,2185.6999995599967
frontera_valle_nuevo,2020-11-01,train,4928.0
frontera_valle_nuevo,2020-12-01,train,80.0
frontera_valle_nuevo,2021-01-01,train,11834.0
frontera_valle_nuevo,2021-02-01,train,8405.0
frontera_valle_nuevo,2021-03-01,train,6391.436935480299
frontera_valle_nuevo,2021-04-01,test,5581.909090909091
frontera_valle_nuevo,2021-05-01,test,2173.0
frontera_valle_nuevo,2021-06-01,test,6330.0
frontera_valle_nuevo,2021-07-01,test,7752.0
frontera_valle_nuevo,2021-08-01,test,5674.0
frontera_valle_nuevo,2021-09-01,test,6964.0
frontera_valle_nuevo,2021-10-01,test,5512.0
frontera_valle_nuevo,2021-11-01,test,9665.0
frontera_valle_nuevo,2021-12-01,test,44275.12394366197
frontera_valle_nuevo,2022-01-01,test,10236.0
frontera_valle_nuevo,2022-02-01,test,34017.2
frontera_valle_nuevo,2022-03-01,test,44640.0
frontera_valle_nuevo,2022-04-01,test,44657.0
frontera_valle_nuevo,2022-05-01,test,40398.0
frontera_valle_nuevo,2022-06-01,test,43309.0
frontera_valle_nuevo,2022-07-01,test,53818.0
frontera_valle_nuevo,2022-08-01,test,60351.0
frontera_valle_nuevo,2022-09-01,test,57159.0
frontera_valle_nuevo,2022-10-01,test,61319.0
frontera_valle_nuevo,2022-11-01,test,79351.0
frontera_valle_nuevo,2022-12-01,test,93131.0
frontera_valle_nuevo,2023-01-01,test,45433.87234627529
frontera_valle_nuevo,2023-02-01,test,38432.78921090656
frontera_valle_nuevo,2023-03-01,test,44519.65945947915
frontera_valle_nuevo,2023-04-01,test,63026.790449355445
frontera_valle_nuevo,2023-05-01,test,42574.15617964926
frontera_valle_nuevo,2023-06-01,test,43575.71907316531
frontera_valle_nuevo,2023-07-01,test,52537.93363914358
frontera_valle_nuevo,2023-08-01,test,59555.01541972068
frontera_valle_nuevo,2023-09-01,test,51732.34620334615
frontera_valle_nuevo,2023-10-01,test,26576.944899911174
frontera_valle_nuevo,2023-11-01,test,54846.37611349384
frontera_valle_nuevo,2023-12-01,test,80147.63761785896
frontera_valle_nuevo,2024-01-01,test,55998.01466922343
frontera_valle_nuevo,2024-02-01,test,47578.588542963764
frontera_valle_nuevo,2024-03-01,test,69483.89288750275
frontera_valle_nuevo,2024-04-01,test,45274.21212442566
frontera_valle_nuevo,2024-05-01,test,52065.83724928357
frontera_valle_nuevo,2024-06-01,test,43108.65849387046
frontera_valle_nuevo,2024-07-01,test,52248.67751774468
frontera_valle_nuevo,2024-08-01,test,72500.72250770808
frontera_valle_nuevo,2024-09-01,test,47965.38622974952
frontera_valle_nuevo,2024-10-01,test,55027.38369546927
frontera_valle_nuevo,2024-11-01,test,70012.1751152075
frontera_valle_nuevo,2024-12-01,test,92168.47324426158
frontera_valle_nuevo,2025-01-01,test,57653.42273925849
frontera_valle_nuevo,2025-02-01,test,45789.08259423505
frontera_valle_nuevo,2025-03-01,test,52055.722781810844
frontera_valle_nuevo,2025-04-01,test,66666.01243304134
frontera_valle_nuevo,2025-05-01,test,49206.281433425764
frontera_valle_nuevo,2025-06-01,test,50110.56583836609
frontera_valle_nuevo,2025-07-01,test,50413.459748524794
frontera_valle_nuevo,2025-08-01,test,72139.24531894638
frontera_valle_nuevo,2025-09-01,test,47259.45296034146
frontera_valle_nuevo,2025-10-01,test,51903.318752531406
frontera_valle_nuevo,2025-11-01,test,66260.86478555299
frontera_valle_nuevo,2025-12-01,test,89656.1220472439
frontera_valle_nuevo,2026-01-01,test,52834.376321353244
frontera_valle_nuevo,2026-02-01,test,36006.248553054684
frontera_valle_nuevo,2026-03-01,test,45614.281816351235
frontera_valle_nuevo,2026-04-01,test,48757.224880501926
frontera_valle_nuevo,2026-05-01,test,44810.39636504233
frontera_valle_nuevo,2026-06-01,test,44166.617542663545
frontera_san_cristobal,2009-01-01,train,8495.004015575567
frontera_san_cristobal,2009-02-01,train,6972.0
frontera_san_cristobal,2009-03-01,train,12785.024596235648
frontera_san_cristobal,2009-04-01,train,7681.602680374304
frontera_san_cristobal,2009-05-01,train,5112.796082130378
frontera_san_cristobal,2009-06-01,train,8135.124658869394
frontera_san_cristobal,2009-07-01,train,5673.67916212595
frontera_san_cristobal,2009-08-01,train,10293.109044197567
frontera_san_cristobal,2009-09-01,train,7955.319227172692
frontera_san_cristobal,2009-10-01,train,14384.071163360097
frontera_san_cristobal,2009-11-01,train,18019.920823910867
frontera_san_cristobal,2009-12-01,train,15232.96748860383
frontera_san_cristobal,2010-01-01,train,13020.890995376009
frontera_san_cristobal,2010-02-01,train,10600.969619282469
frontera_san_cristobal,2010-03-01,train,8012.539753627781
frontera_san_cristobal,2010-04-01,train,11633.394301779903
frontera_san_cristobal,2010-05-01,train,9106.564500206263
frontera_san_cristobal,2010-06-01,train,8449.17585462329
frontera_san_cristobal,2010-07-01,train,8911.784278168912
frontera_san_cristobal,2010-08-01,train,10326.606357475835
frontera_san_cristobal,2010-09-01,train,10143.996334955009
frontera_san_cristobal,2010-10-01,train,18005.04406735455
frontera_san_cristobal,2010-11-01,train,18180.978217673757
frontera_san_cristobal,2010-12-01,train,18585.315104293313
frontera_san_cristobal,2011-01-01,train,16801.700921936066
frontera_san_cristobal,2011-02-01,train,13547.62732936377
frontera_san_cristobal,2011-03-01,train,20310.42753878198
frontera_san_cristobal,2011-04-01,train,14731.218445254177
frontera_san_cristobal,2011-05-01,train,7714.875303259098
frontera_san_cristobal,2011-06-01,train,8690.502582096271
frontera_san_cristobal,2011-07-01,train,8770.89784100263
frontera_san_cristobal,2011-08-01,train,9566.694929919055
frontera_san_cristobal,2011-09-01,train,8411.243541119105
frontera_san_cristobal,2011-10-01,train,16627.45964166415
frontera_san_cristobal,2011-11-01,train,17728.145314336274
frontera_san_cristobal,2011-12-01,train,24439.376617663314
frontera_san_cristobal,2012-01-01,train,17427.388165146796
frontera_san_cristobal,2012-02-01,train,14399.908337665209
frontera_san_cristobal,2012-03-01,train,21377.610678639103
frontera_san_cristobal,2012-04-01,train,14321.41661976966
frontera_san_cristobal,2012-05-01,train,8171.2062087074955
frontera_san_cristobal,2012-06-01,train,8588.931034792991
frontera_san_cristobal,2012-07-01,train,8587.082738209678
frontera_san_cristobal,2012-08-01,train,10095.158279859923
frontera_san_cristobal,2012-09-01,train,8677.35547549452
frontera_san_cristobal,2012-10-01,train,16120.384733132234
frontera_san_cristobal,2012-11-01,train,19402.10994344981
frontera_san_cristobal,2012-12-01,train,22398.203310250927
frontera_san_cristobal,2013-01-01,train,17451.08785592601
frontera_san_cristobal,2013-02-01,train,14387.069933539831
frontera_san_cristobal,2013-03-01,train,21269.34641002026
frontera_san_cristobal,2013-04-01,train,14087.453522884494
frontera_san_cristobal,2013-05-01,train,8188.741537656777
frontera_san_cristobal,2013-06-01,train,8595.164423710317
frontera_san_cristobal,2013-07-01,train,8570.151194019738
frontera_san_cristobal,2013-08-01,train,10262.737946200365
frontera_san_cristobal,2013-09-01,train,8711.082870681143
frontera_san_cristobal,2013-10-01,train,16342.97904561178
frontera_san_cristobal,2013-11-01,train,19561.836408017574
frontera_san_cristobal,2013-12-01,train,22600.987759331427
frontera_san_cristobal,2014-01-01,train,18039.78835417185
frontera_san_cristobal,2014-02-01,train,15243.972921006252
frontera_san_cristobal,2014-03-01,train,21845.667590808003
frontera_san_cristobal,2014-04-01,train,14661.303907846199
frontera_san_cristobal,2014-05-01,train,8709.174391534392
frontera_san_cristobal,2014-06-01,train,9188.618773515722
frontera_san_cristobal,2014-07-01,train,9570.814735028005
frontera_san_cristobal,2014-08-01,train,11010.053461274845
frontera_san_cristobal,2014-09-01,train,9335.86306182472
frontera_san_cristobal,2014-10-01,train,19247.147746055496
frontera_san_cristobal,2014-11-01,train,29226.50628007249
frontera_san_cristobal,2014-12-01,train,29259.904885801363
frontera_san_cristobal,2015-01-01,train,19823.727561687054
frontera_san_cristobal,2015-02-01,train,16607.157297515954
frontera_san_cristobal,2015-03-01,train,19680.83270269797
frontera_san_cristobal,2015-04-01,train,20030.96913070996
frontera_san_cristobal,2015-05-01,train,20238.582435277054
frontera_san_cristobal,2015-06-01,train,19115.191745255015
frontera_san_cristobal,2015-07-01,train,18526.576621766013
frontera_san_cristobal,2015-08-01,train,17456.48837079715
frontera_san_cristobal,2015-09-01,train,15328.82839523403
frontera_san_cristobal,2015-10-01,train,18240.489542234023
frontera_san_cristobal,2015-11-01,train,20276.376851527002
frontera_san_cristobal,2015-12-01,train,28123.736510934992
frontera_san_cristobal,2016-01-01,train,25325.573426412084
frontera_san_cristobal,2016-02-01,train,23524.72988030408
frontera_san_cristobal,2016-03-01,train,33787.47013832989
frontera_san_cristobal,2016-04-01,train,19559.927260291373
frontera_san_cristobal,2016-05-01,train,20744.560807432503
frontera_san_cristobal,2016-06-01,train,14983.162023586894
frontera_san_cristobal,2016-07-01,train,20778.54958151395
frontera_san_cristobal,2016-08-01,train,21721.045958486782
frontera_san_cristobal,2016-09-01,train,8881.188665060565
frontera_san_cristobal,2016-10-01,train,32503.60233750321
frontera_san_cristobal,2016-11-01,train,41278.35216495512
frontera_san_cristobal,2016-12-01,train,48532.378070335006
frontera_san_cristobal,2017-01-01,train,34314.186988078945
frontera_san_cristobal,2017-02-01,train,25529.679291944358
frontera_san_cristobal,2017-03-01,train,27870.924368038526
frontera_san_cristobal,2017-04-01,train,53127.00000000005
frontera_san_cristobal,2017-05-01,train,25235.87625171837
frontera_san_cristobal,2017-06-01,train,15384.790471552182
frontera_san_cristobal,2017-07-01,train,18803.031343891762
frontera_san_cristobal,2017-08-01,train,24690.49772480251
frontera_san_cristobal,2017-09-01,train,11715.811354251186
frontera_san_cristobal,2017-10-01,train,14868.387929038585
frontera_san_cristobal,2017-11-01,train,23647.44902769982
frontera_san_cristobal,2017-12-01,train,30173.324112642993
frontera_san_cristobal,2018-01-01,train,27494.22845422962
frontera_san_cristobal,2018-02-01,train,24925.21207190168
frontera_san_cristobal,2018-03-01,train,43928.81091748901
frontera_san_cristobal,2018-04-01,train,38480.30091298559
frontera_san_cristobal,2018-05-01,train,28847.818993960507
frontera_san_cristobal,2018-06-01,train,38958.81749704991
frontera_san_cristobal,2018-07-01,train,32307.90326091088
frontera_san_cristobal,2018-08-01,train,43164.832262970514
frontera_san_cristobal,2018-09-01,train,27167.941968014613
frontera_san_cristobal,2018-10-01,train,24455.102528009997
frontera_san_cristobal,2018-11-01,train,24415.40091470499
frontera_san_cristobal,2018-12-01,train,33262.43059277584
frontera_san_cristobal,2019-01-01,train,39476.0
frontera_san_cristobal,2019-02-01,train,30078.93650793651
frontera_san_cristobal,2019-03-01,train,38812.56756756757
frontera_san_cristobal,2019-04-01,train,38339.0
frontera_san_cristobal,2019-05-01,train,28766.0
frontera_san_cristobal,2019-06-01,train,35950.0
frontera_san_cristobal,2019-07-01,train,34076.0
frontera_san_cristobal,2019-08-01,train,38419.393939393936
frontera_san_cristobal,2019-09-01,train,34013.0
frontera_san_cristobal,2019-10-01,train,23336.0
frontera_san_cristobal,2019-11-01,train,24752.0
frontera_san_cristobal,2019-12-01,train,41912.93
frontera_san_cristobal,2020-01-01,train,47132.0
frontera_san_cristobal,2020-02-01,train,36282.87096774193
frontera_san_cristobal,2020-03-01,train,15053.0
frontera_san_cristobal,2020-04-01,train,1898.0
frontera_san_cristobal,2020-05-01,train,2139.0
frontera_san_cristobal,2020-06-01,train,2600.0
frontera_san_cristobal,2020-07-01,train,2662.0
frontera_san_cristobal,2020-08-01,train,2735.0
frontera_san_cristobal,2020-09-01,train,963.0
frontera_san_cristobal,2020-10-01,train,282.1000000000001
frontera_san_cristobal,2020-11-01,train,151.0
frontera_san_cristobal,2020-12-01,train,14.0
frontera_san_cristobal,2021-01-01,train,2646.0
frontera_san_cristobal,2021-02-01,train,677.0
frontera_san_cristobal,2021-03-01,train,3165.0
frontera_san_cristobal,2021-04-01,test,3546.0
frontera_san_cristobal,2021-05-01,test,1803.0
frontera_san_cristobal,2021-06-01,test,2128.0
frontera_san_cristobal,2021-07-01,test,2247.0
frontera_san_cristobal,2021-08-01,test,2193.0
frontera_san_cristobal,2021-09-01,test,2368.0
frontera_san_cristobal,2021-10-01,test,2088.0
frontera_san_cristobal,2021-11-01,test,2200.0
frontera_san_cristobal,2021-12-01,test,10031.0
frontera_san_cristobal,2022-01-01,test,4378.0
frontera_san_cristobal,2022-02-01,test,15444.8
frontera_san_cristobal,2022-03-01,test,10392.0
frontera_san_cristobal,2022-04-01,test,24724.0
frontera_san_cristobal,2022-05-01,test,32011.0
frontera_san_cristobal,2022-06-01,test,39152.0
frontera_san_cristobal,2022-07-01,test,26076.0
frontera_san_cristobal,2022-08-01,test,28883.0
frontera_san_cristobal,2022-09-01,test,18143.0
frontera_san_cristobal,2022-10-01,test,23190.0
frontera_san_cristobal,2022-11-01,test,20348.0
frontera_san_cristobal,2022-12-01,test,40363.0
frontera_san_cristobal,2023-01-01,test,16512.845495048674
frontera_san_cristobal,2023-02-01,test,16825.04228744933
frontera_san_cristobal,2023-03-01,test,17433.879650776922
frontera_san_cristobal,2023-04-01,test,24896.635971149684
frontera_san_cristobal,2023-05-01,test,19625.442391774846
frontera_san_cristobal,2023-06-01,test,18198.774345815476
frontera_san_cristobal,2023-07-01,test,26756.034714842383
frontera_san_cristobal,2023-08-01,test,23287.164984709514
frontera_san_cristobal,2023-09-01,test,22149.60852816035
frontera_san_cristobal,2023-10-01,test,16446.929331078532
frontera_san_cristobal,2023-11-01,test,25386.749128919866
frontera_san_cristobal,2023-12-01,test,41227.94118213955
frontera_san_cristobal,2024-01-01,test,21929.572942097624
frontera_san_cristobal,2024-02-01,test,23935.136703187232
frontera_san_cristobal,2024-03-01,test,26547.697318007675
frontera_san_cristobal,2024-04-01,test,24120.85168195716
frontera_san_cristobal,2024-05-01,test,21453.968641115003
frontera_san_cristobal,2024-06-01,test,22598.542094017095
frontera_san_cristobal,2024-07-01,test,25821.17375892941
frontera_san_cristobal,2024-08-01,test,29214.500666367214
frontera_san_cristobal,2024-09-01,test,26201.06611570247
frontera_san_cristobal,2024-10-01,test,28210.818610887665
frontera_san_cristobal,2024-11-01,test,32912.428571428514
frontera_san_cristobal,2024-12-01,test,49853.39626168227
frontera_san_cristobal,2025-01-01,test,28775.001052128177
frontera_san_cristobal,2025-02-01,test,27381.833112549313
frontera_san_cristobal,2025-03-01,test,29165.50559779905
frontera_san_cristobal,2025-04-01,test,32830.57722007722
frontera_san_cristobal,2025-05-01,test,30307.12875358966
frontera_san_cristobal,2025-06-01,test,28722.0809477379
frontera_san_cristobal,2025-07-01,test,26665.326205806752
frontera_san_cristobal,2025-08-01,test,31375.40274104548
frontera_san_cristobal,2025-09-01,test,27519.32878011761
frontera_san_cristobal,2025-10-01,test,28978.163525264437
frontera_san_cristobal,2025-11-01,test,33189.546054997205
frontera_san_cristobal,2025-12-01,test,43150.49753694568
frontera_san_cristobal,2026-01-01,test,29973.10559999991
frontera_san_cristobal,2026-02-01,test,24361.72711267602
frontera_san_cristobal,2026-03-01,test,30181.746185286192
frontera_san_cristobal,2026-04-01,test,27222.169056108007
frontera_san_cristobal,2026-05-01,test,29394.954717349312
frontera_san_cristobal,2026-06-01,test,29019.29591547294
