serie,arquitectura,k,unidades,learning_rate,batch_size,dropout,epocas_efectivas,rmse_val_escalado,mae_val_escalado,tiempo_seg
total,M1,6,16,0.01,16,0.2,22,0.27089355772620416,0.20834019020476657,3.4
total,M1,6,16,0.001,16,0.2,23,0.2775873071317627,0.22376901579676786,3.4
total,M1,6,32,0.01,16,0.2,22,0.27559903709349587,0.20512166591125935,3.3
total,M1,6,32,0.001,16,0.2,23,0.2962011031778645,0.2651398524546973,3.6
total,M1,6,64,0.01,16,0.2,21,0.2700784835766725,0.21341607642947355,3.3
total,M1,6,64,0.001,16,0.2,25,0.2907441681567569,0.2069748489586385,3.4
total,M1,12,16,0.01,16,0.2,24,0.29144956485287277,0.2109662280507755,3.5
total,M1,12,16,0.001,16,0.2,22,0.2962819074513366,0.2534296374547354,3.3
total,M1,12,32,0.01,16,0.2,24,0.28859967386789537,0.20905594251193813,3.9
total,M1,12,32,0.001,16,0.2,23,0.31736708284213283,0.24676728482324597,3.4
total,M1,12,64,0.01,16,0.2,23,0.2801601279653388,0.22248848016340253,3.4
total,M1,12,64,0.001,16,0.2,24,0.3093483371200061,0.23808864862003642,3.6
total,M1,24,16,0.01,16,0.2,21,0.29170329232530784,0.2296241247184944,3.4
total,M1,24,16,0.001,16,0.2,22,0.3031147721863046,0.23079410056550023,3.3
total,M1,24,32,0.01,16,0.2,24,0.2865217789592033,0.2034632995390714,3.7
total,M1,24,32,0.001,16,0.2,26,0.32825929767192524,0.22735152751484233,4.1
total,M1,24,64,0.01,16,0.2,22,0.27385663107880936,0.19532295288282842,3.7
total,M1,24,64,0.001,16,0.2,21,0.3108198889549987,0.2724470087542486,3.8
total,M2,6,16,0.01,16,0.2,22,0.31100884273456997,0.259575139710337,4.2
total,M2,6,16,0.001,16,0.2,24,0.3142119241453483,0.2734905879849545,4.8
total,M2,6,32,0.01,16,0.2,21,0.3017037698557156,0.2624056359037113,4.7
total,M2,6,32,0.001,16,0.2,22,0.3048703550146683,0.24126926484484193,4.5
total,M2,6,64,0.01,16,0.2,21,0.30264148474067526,0.26682930885795275,4.4
total,M2,6,64,0.001,16,0.2,25,0.3186621917698302,0.23475753501334506,4.0
total,M2,12,16,0.01,16,0.2,22,0.33756040705717405,0.2604094839814793,3.8
total,M2,12,16,0.001,16,0.2,23,0.34617698565975297,0.2835962708818785,4.2
total,M2,12,32,0.01,16,0.2,23,0.3337113987512861,0.25527744073266184,4.0
total,M2,12,32,0.001,16,0.2,21,0.34163669093618,0.3227659471238009,3.7
total,M2,12,64,0.01,16,0.2,21,0.3311324690571683,0.3083179718409332,4.6
total,M2,12,64,0.001,16,0.2,24,0.35180510604745324,0.27230532683168757,5.0
total,M2,24,16,0.01,16,0.2,21,0.3544736112843397,0.25581485405905235,5.0
total,M2,24,16,0.001,16,0.2,22,0.3516685160668892,0.31330580133696107,5.8
total,M2,24,32,0.01,16,0.2,22,0.3453988472128822,0.24071655174437354,5.5
total,M2,24,32,0.001,16,0.2,21,0.3347430801955501,0.26930437470752716,5.1
total,M2,24,64,0.01,16,0.2,21,0.33033561002098033,0.27975067259414516,5.3
total,M2,24,64,0.001,16,0.2,24,0.3678449906357613,0.2721276929015238,4.8
frontera_aurora,M1,6,16,0.01,16,0.2,22,0.28497425110292224,0.22916489235239088,2.7
frontera_aurora,M1,6,16,0.001,16,0.2,23,0.29883469318291034,0.2501001353480106,2.7
frontera_aurora,M1,6,32,0.01,16,0.2,24,0.2799842858017877,0.19108167362738523,2.9
frontera_aurora,M1,6,32,0.001,16,0.2,28,0.3067926211094518,0.20069269783823562,3.2
frontera_aurora,M1,6,64,0.01,16,0.2,24,0.2822379188382576,0.1772889340671785,2.9
frontera_aurora,M1,6,64,0.001,16,0.2,25,0.3066153187467865,0.22226907384920988,4.1
frontera_aurora,M1,12,16,0.01,16,0.2,24,0.2945428239817345,0.20073520196056616,3.2
frontera_aurora,M1,12,16,0.001,16,0.2,22,0.3115011263288761,0.26755108949221035,2.9
frontera_aurora,M1,12,32,0.01,16,0.2,24,0.2869527508415213,0.19864290384030592,3.2
frontera_aurora,M1,12,32,0.001,16,0.2,23,0.31842577032938957,0.2509825346626466,3.3
frontera_aurora,M1,12,64,0.01,16,0.2,23,0.2857758271235788,0.20497634314076355,2.9
frontera_aurora,M1,12,64,0.001,16,0.2,24,0.31770969618110134,0.23694464450284344,3.1
frontera_aurora,M1,24,16,0.01,16,0.2,24,0.29636378172309896,0.19617426447646072,3.1
frontera_aurora,M1,24,16,0.001,16,0.2,22,0.30206603001705723,0.23216625355259826,3.3
frontera_aurora,M1,24,32,0.01,16,0.2,24,0.2850093062732857,0.19040483040189993,3.4
frontera_aurora,M1,24,32,0.001,16,0.2,26,0.319389402066585,0.22743364103214195,3.3
frontera_aurora,M1,24,64,0.01,16,0.2,25,0.27909986858518476,0.1750449494318458,3.4
frontera_aurora,M1,24,64,0.001,16,0.2,24,0.3155430471429176,0.23443694340761753,3.4
frontera_aurora,M2,6,16,0.01,16,0.2,22,0.3108108449645986,0.2595470977758615,4.3
frontera_aurora,M2,6,16,0.001,16,0.2,24,0.3340666320953612,0.3015172557699368,3.8
frontera_aurora,M2,6,32,0.01,16,0.2,23,0.3077721945811194,0.22494878796315443,3.7
frontera_aurora,M2,6,32,0.001,16,0.2,22,0.3231521042102825,0.26491045347528513,3.9
frontera_aurora,M2,6,64,0.01,16,0.2,23,0.3126857103212353,0.2189328899242108,3.8
frontera_aurora,M2,6,64,0.001,16,0.2,25,0.3288714299461532,0.24069763543733827,4.0
frontera_aurora,M2,12,16,0.01,16,0.2,22,0.32572936427065546,0.26738885414326424,3.8
frontera_aurora,M2,12,16,0.001,16,0.2,23,0.3444512550190036,0.29952986535156007,4.0
frontera_aurora,M2,12,32,0.01,16,0.2,23,0.3249581299966972,0.24626329717612516,3.9
frontera_aurora,M2,12,32,0.001,16,0.2,25,0.3402434155661328,0.25356747138079255,4.1
frontera_aurora,M2,12,64,0.01,16,0.2,23,0.32526632559636975,0.24718254677180684,4.8
frontera_aurora,M2,12,64,0.001,16,0.2,24,0.34689062545968496,0.27378445419248193,4.1
frontera_aurora,M2,24,16,0.01,16,0.2,24,0.34768697999666787,0.22773548024855975,4.3
frontera_aurora,M2,24,16,0.001,16,0.2,22,0.3563039609816569,0.3365042643917027,4.1
frontera_aurora,M2,24,32,0.01,16,0.2,21,0.33076742819682264,0.2303731036938851,4.1
frontera_aurora,M2,24,32,0.001,16,0.2,21,0.32938214163156493,0.28538041186058755,4.0
frontera_aurora,M2,24,64,0.01,16,0.2,21,0.3347145635536404,0.3092539260459367,4.2
frontera_aurora,M2,24,64,0.001,16,0.2,21,0.3425436860931645,0.290807819582266,4.2
region_america_central,M1,6,16,0.01,16,0.2,22,0.2663446231307239,0.2002008212317016,2.9
region_america_central,M1,6,16,0.001,16,0.2,23,0.27012395917100623,0.217029058954019,3.2
region_america_central,M1,6,32,0.01,16,0.2,22,0.2738739517254967,0.1974833520155964,3.3
region_america_central,M1,6,32,0.001,16,0.2,23,0.28878545970211467,0.25614171009296355,3.3
region_america_central,M1,6,64,0.01,16,0.2,21,0.26470019345397133,0.19837042095353072,3.1
region_america_central,M1,6,64,0.001,16,0.2,25,0.28295481282757934,0.2014183603434748,3.0
region_america_central,M1,12,16,0.01,16,0.2,24,0.28586317206369893,0.20540465689788126,2.9
region_america_central,M1,12,16,0.001,16,0.2,22,0.2899065936191377,0.24556225813517832,3.6
region_america_central,M1,12,32,0.01,16,0.2,24,0.28449856550071745,0.2038979231480994,3.1
region_america_central,M1,12,32,0.001,16,0.2,23,0.3128380766351359,0.23930356926808619,2.9
region_america_central,M1,12,64,0.01,16,0.2,23,0.2734332102070302,0.22053175198127692,3.0
region_america_central,M1,12,64,0.001,16,0.2,24,0.3029252060893322,0.23118503170301383,3.5
region_america_central,M1,24,16,0.01,16,0.2,21,0.2857185932113372,0.22468770818998282,3.4
region_america_central,M1,24,16,0.001,16,0.2,22,0.2992635185580104,0.22343010233928626,3.2
region_america_central,M1,24,32,0.01,16,0.2,24,0.28185872192220657,0.2002827338280099,3.2
region_america_central,M1,24,32,0.001,16,0.2,26,0.3248291625670943,0.2247587761990759,3.3
region_america_central,M1,24,64,0.01,16,0.2,22,0.2609862000647807,0.19651864495962723,3.1
region_america_central,M1,24,64,0.001,16,0.2,21,0.30514975151845486,0.26256132525294884,3.1
region_america_central,M2,6,16,0.01,16,0.2,22,0.3085753806395467,0.2537571427284349,4.4
region_america_central,M2,6,16,0.001,16,0.2,24,0.30807319490908375,0.26389951910609183,4.6
region_america_central,M2,6,32,0.01,16,0.2,21,0.2936677836577693,0.24551901372363036,4.5
region_america_central,M2,6,32,0.001,16,0.2,22,0.2973864520249021,0.2338058727690564,3.7
region_america_central,M2,6,64,0.01,16,0.2,21,0.2933342779234525,0.2364293252635982,4.0
region_america_central,M2,6,64,0.001,16,0.2,25,0.31124262651812146,0.22879719636926912,4.0
region_america_central,M2,12,16,0.01,16,0.2,22,0.3370546813245611,0.2609711717235828,3.9
region_america_central,M2,12,16,0.001,16,0.2,23,0.34247103191010486,0.27951592494696853,5.1
region_america_central,M2,12,32,0.01,16,0.2,23,0.326604193912043,0.25543452234742886,4.7
region_america_central,M2,12,32,0.001,16,0.2,21,0.3336345786317202,0.3109533616009769,4.5
region_america_central,M2,12,64,0.01,16,0.2,21,0.32586608442967735,0.29877360071772513,4.5
region_america_central,M2,12,64,0.001,16,0.2,24,0.3465768819114024,0.27077598039955375,5.0
region_america_central,M2,24,16,0.01,16,0.2,21,0.34595559889875716,0.26152137474892384,4.7
region_america_central,M2,24,16,0.001,16,0.2,22,0.34891454651492937,0.3092501719402238,5.0
region_america_central,M2,24,32,0.01,16,0.2,44,0.33072441971250166,0.24950946211407446,7.6
region_america_central,M2,24,32,0.001,16,0.2,21,0.33268103697345675,0.2667433889421357,4.8
region_america_central,M2,24,64,0.01,16,0.2,22,0.343118105198284,0.2501505942051971,5.2
region_america_central,M2,24,64,0.001,16,0.2,24,0.3658820512845948,0.2747806067931438,5.5
